20190825084314CAM5_316.png, 0
20190825084314CAM5_317.png, 0
20190825084314CAM5_318.png, 0
20190825084314CAM5_319.png, 0
20190825084314CAM5_320.png, 0
20190825084314CAM5_321.png, 2
20190825084314CAM5_322.png, 0
20190825084314CAM5_323.png, 0
20190825084314CAM5_324.png, 0
20190825084314CAM5_325.png, 0
20190825084314CAM5_326.png, 0
20190825084314CAM5_327.png, 0
20190825084314CAM5_328.png, 0
20190825084314CAM5_329.png, 0
20190825085114CAM5_474.png, 0
20190825085114CAM5_475.png, 0
20190825085114CAM5_476.png, 0
20190825085114CAM5_477.png, 0
20190825085114CAM5_478.png, 1
20190825085114CAM5_479.png, 0
20190825085114CAM5_480.png, 0
20190825085114CAM5_481.png, 0
20190825085114CAM5_482.png, 0
20190825085114CAM5_483.png, 0
20190825085114CAM5_484.png, 0
20190825085114CAM5_485.png, 0
20190825085114CAM5_486.png, 0
20190825085114CAM5_487.png, 0
20190825085114CAM5_488.png, 0
20190825085114CAM5_489.png, 0
20190825085114CAM5_490.png, 0
20190825085114CAM5_491.png, 0
20190825085114CAM5_492.png, 0
20190825085114CAM5_493.png, 0
20190825085914CAM5_579.png, 0
20190825085914CAM5_580.png, 0
20190825085914CAM5_581.png, 0
20190825085914CAM5_582.png, 0
20190825085914CAM5_583.png, 0
20190825085914CAM5_584.png, 1
20190825085914CAM5_585.png, 0
20190825085914CAM5_586.png, 0
20190825085914CAM5_587.png, 0
20190825085914CAM5_588.png, 0
20190825085914CAM5_589.png, 0
20190825085914CAM5_590.png, 0
20190825085914CAM5_591.png, 0
20190825085914CAM5_592.png, 0
20190825085914CAM5_593.png, 0
20190825085914CAM5_594.png, 0
20190825085914CAM5_595.png, 0
20190825085914CAM5_596.png, 0
20190825085914CAM5_597.png, 0
20190825085914CAM5_598.png, 0
20190825085914CAM5_599.png, 0
20190825085914CAM5_600.png, 0
20190825090814CAM5_593.png, 0
20190825090814CAM5_594.png, 0
20190825090814CAM5_595.png, 1
20190825090814CAM5_596.png, 0
20190825090814CAM5_597.png, 0
20190825090814CAM5_598.png, 0
20190825090814CAM5_599.png, 0
20190825090814CAM5_600.png, 0
20190825091014CAM5_086.png, 0
20190825091014CAM5_087.png, 0
20190825091014CAM5_088.png, 0
20190825091014CAM5_089.png, 1
20190825091014CAM5_090.png, 0
20190825091014CAM5_091.png, 0
20190825091014CAM5_092.png, 0
20190825091014CAM5_093.png, 0
20190825091014CAM5_094.png, 0
20190825091014CAM5_095.png, 0
20190825091014CAM5_096.png, 0
20190825091014CAM5_097.png, 0
20190825091014CAM5_098.png, 0
20190825091014CAM5_099.png, 0
20190825091014CAM5_100.png, 0
20190825092414CAM5_089.png, 0
20190825092414CAM5_090.png, 0
20190825092414CAM5_091.png, 0
20190825092414CAM5_092.png, 0
20190825092414CAM5_093.png, 0
20190825092414CAM5_094.png, 0
20190825092414CAM5_095.png, 0
20190825092414CAM5_096.png, 0
20190825092414CAM5_097.png, 0
20190825092414CAM5_098.png, 1
20190825092414CAM5_099.png, 0
20190825092414CAM5_100.png, 0
20190825092414CAM5_101.png, 0
20190825092414CAM5_102.png, 0
20190825092414CAM5_103.png, 0
20190825092414CAM5_104.png, 0
20190825092414CAM5_105.png, 0
20190825092414CAM5_106.png, 0
20190825092414CAM5_107.png, 0
20190825092414CAM5_108.png, 0
20190825092414CAM5_109.png, 0
20190825092414CAM5_110.png, 0
20190825092414CAM5_111.png, 0
20190825092414CAM5_112.png, 0
20190825092414CAM5_113.png, 0
20190825092414CAM5_114.png, 0
20190825092414CAM5_115.png, 0
20190825092414CAM5_116.png, 0
20190825092414CAM5_117.png, 0
20190825093814CAM5_057.png, 0
20190825093814CAM5_058.png, 1
